model_name,mae,rmse,mape,r2
random_forest,3.752179177307449,10.688461967408806,49.43090842870067,0.961447246201429
historical_average,6.356651816911251,21.311924325473363,65.75061655094382,0.8467253605529301
